[{"model": "store2.authpermission", "pk": 1, "fields": {"name": "Can add item order", "content_type": 1, "codename": "add_itemorder"}}, {"model": "store2.authpermission", "pk": 2, "fields": {"name": "Can change item order", "content_type": 1, "codename": "change_itemorder"}}, {"model": "store2.authpermission", "pk": 3, "fields": {"name": "Can delete item order", "content_type": 1, "codename": "delete_itemorder"}}, {"model": "store2.authpermission", "pk": 4, "fields": {"name": "Can add cart item", "content_type": 2, "codename": "add_cartitem"}}, {"model": "store2.authpermission", "pk": 5, "fields": {"name": "Can change cart item", "content_type": 2, "codename": "change_cartitem"}}, {"model": "store2.authpermission", "pk": 6, "fields": {"name": "Can delete cart item", "content_type": 2, "codename": "delete_cartitem"}}, {"model": "store2.authpermission", "pk": 7, "fields": {"name": "Can add django migrations", "content_type": 3, "codename": "add_djangomigrations"}}, {"model": "store2.authpermission", "pk": 8, "fields": {"name": "Can change django migrations", "content_type": 3, "codename": "change_djangomigrations"}}, {"model": "store2.authpermission", "pk": 9, "fields": {"name": "Can delete django migrations", "content_type": 3, "codename": "delete_djangomigrations"}}, {"model": "store2.authpermission", "pk": 10, "fields": {"name": "Can add auth group permissions", "content_type": 4, "codename": "add_authgrouppermissions"}}, {"model": "store2.authpermission", "pk": 11, "fields": {"name": "Can change auth group permissions", "content_type": 4, "codename": "change_authgrouppermissions"}}, {"model": "store2.authpermission", "pk": 12, "fields": {"name": "Can delete auth group permissions", "content_type": 4, "codename": "delete_authgrouppermissions"}}, {"model": "store2.authpermission", "pk": 13, "fields": {"name": "Can add django session", "content_type": 5, "codename": "add_djangosession"}}, {"model": "store2.authpermission", "pk": 14, "fields": {"name": "Can change django session", "content_type": 5, "codename": "change_djangosession"}}, {"model": "store2.authpermission", "pk": 15, "fields": {"name": "Can delete django session", "content_type": 5, "codename": "delete_djangosession"}}, {"model": "store2.authpermission", "pk": 16, "fields": {"name": "Can add orderr", "content_type": 6, "codename": "add_orderr"}}, {"model": "store2.authpermission", "pk": 17, "fields": {"name": "Can change orderr", "content_type": 6, "codename": "change_orderr"}}, {"model": "store2.authpermission", "pk": 18, "fields": {"name": "Can delete orderr", "content_type": 6, "codename": "delete_orderr"}}, {"model": "store2.authpermission", "pk": 19, "fields": {"name": "Can add address", "content_type": 7, "codename": "add_address"}}, {"model": "store2.authpermission", "pk": 20, "fields": {"name": "Can change address", "content_type": 7, "codename": "change_address"}}, {"model": "store2.authpermission", "pk": 21, "fields": {"name": "Can delete address", "content_type": 7, "codename": "delete_address"}}, {"model": "store2.authpermission", "pk": 22, "fields": {"name": "Can add image", "content_type": 8, "codename": "add_image"}}, {"model": "store2.authpermission", "pk": 23, "fields": {"name": "Can change image", "content_type": 8, "codename": "change_image"}}, {"model": "store2.authpermission", "pk": 24, "fields": {"name": "Can delete image", "content_type": 8, "codename": "delete_image"}}, {"model": "store2.authpermission", "pk": 25, "fields": {"name": "Can add billing", "content_type": 9, "codename": "add_billing"}}, {"model": "store2.authpermission", "pk": 26, "fields": {"name": "Can change billing", "content_type": 9, "codename": "change_billing"}}, {"model": "store2.authpermission", "pk": 27, "fields": {"name": "Can delete billing", "content_type": 9, "codename": "delete_billing"}}, {"model": "store2.authpermission", "pk": 28, "fields": {"name": "Can add django admin log", "content_type": 10, "codename": "add_djangoadminlog"}}, {"model": "store2.authpermission", "pk": 29, "fields": {"name": "Can change django admin log", "content_type": 10, "codename": "change_djangoadminlog"}}, {"model": "store2.authpermission", "pk": 30, "fields": {"name": "Can delete django admin log", "content_type": 10, "codename": "delete_djangoadminlog"}}, {"model": "store2.authpermission", "pk": 31, "fields": {"name": "Can add auth user groups", "content_type": 11, "codename": "add_authusergroups"}}, {"model": "store2.authpermission", "pk": 32, "fields": {"name": "Can change auth user groups", "content_type": 11, "codename": "change_authusergroups"}}, {"model": "store2.authpermission", "pk": 33, "fields": {"name": "Can delete auth user groups", "content_type": 11, "codename": "delete_authusergroups"}}, {"model": "store2.authpermission", "pk": 34, "fields": {"name": "Can add payment", "content_type": 12, "codename": "add_payment"}}, {"model": "store2.authpermission", "pk": 35, "fields": {"name": "Can change payment", "content_type": 12, "codename": "change_payment"}}, {"model": "store2.authpermission", "pk": 36, "fields": {"name": "Can delete payment", "content_type": 12, "codename": "delete_payment"}}, {"model": "store2.authpermission", "pk": 37, "fields": {"name": "Can add auth user", "content_type": 13, "codename": "add_authuser"}}, {"model": "store2.authpermission", "pk": 38, "fields": {"name": "Can change auth user", "content_type": 13, "codename": "change_authuser"}}, {"model": "store2.authpermission", "pk": 39, "fields": {"name": "Can delete auth user", "content_type": 13, "codename": "delete_authuser"}}, {"model": "store2.authpermission", "pk": 40, "fields": {"name": "Can add auth group", "content_type": 14, "codename": "add_authgroup"}}, {"model": "store2.authpermission", "pk": 41, "fields": {"name": "Can change auth group", "content_type": 14, "codename": "change_authgroup"}}, {"model": "store2.authpermission", "pk": 42, "fields": {"name": "Can delete auth group", "content_type": 14, "codename": "delete_authgroup"}}, {"model": "store2.authpermission", "pk": 43, "fields": {"name": "Can add auth user user permissions", "content_type": 15, "codename": "add_authuseruserpermissions"}}, {"model": "store2.authpermission", "pk": 44, "fields": {"name": "Can change auth user user permissions", "content_type": 15, "codename": "change_authuseruserpermissions"}}, {"model": "store2.authpermission", "pk": 45, "fields": {"name": "Can delete auth user user permissions", "content_type": 15, "codename": "delete_authuseruserpermissions"}}, {"model": "store2.authpermission", "pk": 46, "fields": {"name": "Can add cart", "content_type": 16, "codename": "add_cart"}}, {"model": "store2.authpermission", "pk": 47, "fields": {"name": "Can change cart", "content_type": 16, "codename": "change_cart"}}, {"model": "store2.authpermission", "pk": 48, "fields": {"name": "Can delete cart", "content_type": 16, "codename": "delete_cart"}}, {"model": "store2.authpermission", "pk": 49, "fields": {"name": "Can add auth permission", "content_type": 17, "codename": "add_authpermission"}}, {"model": "store2.authpermission", "pk": 50, "fields": {"name": "Can change auth permission", "content_type": 17, "codename": "change_authpermission"}}, {"model": "store2.authpermission", "pk": 51, "fields": {"name": "Can delete auth permission", "content_type": 17, "codename": "delete_authpermission"}}, {"model": "store2.authpermission", "pk": 52, "fields": {"name": "Can add item", "content_type": 18, "codename": "add_item"}}, {"model": "store2.authpermission", "pk": 53, "fields": {"name": "Can change item", "content_type": 18, "codename": "change_item"}}, {"model": "store2.authpermission", "pk": 54, "fields": {"name": "Can delete item", "content_type": 18, "codename": "delete_item"}}, {"model": "store2.authpermission", "pk": 55, "fields": {"name": "Can add django content type", "content_type": 19, "codename": "add_djangocontenttype"}}, {"model": "store2.authpermission", "pk": 56, "fields": {"name": "Can change django content type", "content_type": 19, "codename": "change_djangocontenttype"}}, {"model": "store2.authpermission", "pk": 57, "fields": {"name": "Can delete django content type", "content_type": 19, "codename": "delete_djangocontenttype"}}, {"model": "store2.authpermission", "pk": 58, "fields": {"name": "Can add user", "content_type": 20, "codename": "add_user"}}, {"model": "store2.authpermission", "pk": 59, "fields": {"name": "Can change user", "content_type": 20, "codename": "change_user"}}, {"model": "store2.authpermission", "pk": 60, "fields": {"name": "Can delete user", "content_type": 20, "codename": "delete_user"}}, {"model": "store2.authpermission", "pk": 61, "fields": {"name": "Can add log entry", "content_type": 21, "codename": "add_logentry"}}, {"model": "store2.authpermission", "pk": 62, "fields": {"name": "Can change log entry", "content_type": 21, "codename": "change_logentry"}}, {"model": "store2.authpermission", "pk": 63, "fields": {"name": "Can delete log entry", "content_type": 21, "codename": "delete_logentry"}}, {"model": "store2.authpermission", "pk": 64, "fields": {"name": "Can add group", "content_type": 22, "codename": "add_group"}}, {"model": "store2.authpermission", "pk": 65, "fields": {"name": "Can change group", "content_type": 22, "codename": "change_group"}}, {"model": "store2.authpermission", "pk": 66, "fields": {"name": "Can delete group", "content_type": 22, "codename": "delete_group"}}, {"model": "store2.authpermission", "pk": 67, "fields": {"name": "Can add permission", "content_type": 23, "codename": "add_permission"}}, {"model": "store2.authpermission", "pk": 68, "fields": {"name": "Can change permission", "content_type": 23, "codename": "change_permission"}}, {"model": "store2.authpermission", "pk": 69, "fields": {"name": "Can delete permission", "content_type": 23, "codename": "delete_permission"}}, {"model": "store2.authpermission", "pk": 70, "fields": {"name": "Can add user", "content_type": 24, "codename": "add_user"}}, {"model": "store2.authpermission", "pk": 71, "fields": {"name": "Can change user", "content_type": 24, "codename": "change_user"}}, {"model": "store2.authpermission", "pk": 72, "fields": {"name": "Can delete user", "content_type": 24, "codename": "delete_user"}}, {"model": "store2.authpermission", "pk": 73, "fields": {"name": "Can add content type", "content_type": 25, "codename": "add_contenttype"}}, {"model": "store2.authpermission", "pk": 74, "fields": {"name": "Can change content type", "content_type": 25, "codename": "change_contenttype"}}, {"model": "store2.authpermission", "pk": 75, "fields": {"name": "Can delete content type", "content_type": 25, "codename": "delete_contenttype"}}, {"model": "store2.authpermission", "pk": 76, "fields": {"name": "Can add session", "content_type": 26, "codename": "add_session"}}, {"model": "store2.authpermission", "pk": 77, "fields": {"name": "Can change session", "content_type": 26, "codename": "change_session"}}, {"model": "store2.authpermission", "pk": 78, "fields": {"name": "Can delete session", "content_type": 26, "codename": "delete_session"}}, {"model": "store2.authuser", "pk": 1, "fields": {"password": "pbkdf2_sha256$36000$4z7b7SimsFRc$wjK1Auw+n6w9B9euOwPhQ0UHg7v+ttAJcyf/7UJbgHc=", "last_login": "2019-05-21T07:25:03.439Z", "is_superuser": 1, "username": "mago", "first_name": "", "last_name": "", "email": "deg4_gow@hotmail.com", "is_staff": 1, "is_active": 1, "date_joined": "2019-05-16T09:10:37.042Z"}}, {"model": "store2.djangoadminlog", "pk": 1, "fields": {"action_time": "2019-05-22T12:01:26.829Z", "object_id": "1", "object_repr": "Libreta Bordado 1", "action_flag": 1, "change_message": "[{\"added\": {}}]", "content_type": 18, "user": 1}}, {"model": "store2.djangoadminlog", "pk": 2, "fields": {"action_time": "2019-05-22T12:02:01.066Z", "object_id": "2", "object_repr": "Libreta Bordado 2", "action_flag": 1, "change_message": "[{\"added\": {}}]", "content_type": 18, "user": 1}}, {"model": "store2.djangoadminlog", "pk": 3, "fields": {"action_time": "2019-05-22T13:25:12.468Z", "object_id": "3", "object_repr": "Libreta Bordado 3", "action_flag": 1, "change_message": "[{\"added\": {}}]", "content_type": 18, "user": 1}}, {"model": "store2.djangoadminlog", "pk": 4, "fields": {"action_time": "2019-05-22T13:27:08.878Z", "object_id": "3", "object_repr": "Libreta Bordado", "action_flag": 2, "change_message": "[{\"changed\": {\"fields\": [\"quantity\"]}}]", "content_type": 18, "user": 1}}, {"model": "store2.djangocontenttype", "pk": 1, "fields": {"app_label": "store2", "model": "itemorder"}}, {"model": "store2.djangocontenttype", "pk": 2, "fields": {"app_label": "store2", "model": "cartitem"}}, {"model": "store2.djangocontenttype", "pk": 3, "fields": {"app_label": "store2", "model": "djangomigrations"}}, {"model": "store2.djangocontenttype", "pk": 4, "fields": {"app_label": "store2", "model": "authgrouppermissions"}}, {"model": "store2.djangocontenttype", "pk": 5, "fields": {"app_label": "store2", "model": "djangosession"}}, {"model": "store2.djangocontenttype", "pk": 6, "fields": {"app_label": "store2", "model": "orderr"}}, {"model": "store2.djangocontenttype", "pk": 7, "fields": {"app_label": "store2", "model": "address"}}, {"model": "store2.djangocontenttype", "pk": 8, "fields": {"app_label": "store2", "model": "image"}}, {"model": "store2.djangocontenttype", "pk": 9, "fields": {"app_label": "store2", "model": "billing"}}, {"model": "store2.djangocontenttype", "pk": 10, "fields": {"app_label": "store2", "model": "djangoadminlog"}}, {"model": "store2.djangocontenttype", "pk": 11, "fields": {"app_label": "store2", "model": "authusergroups"}}, {"model": "store2.djangocontenttype", "pk": 12, "fields": {"app_label": "store2", "model": "payment"}}, {"model": "store2.djangocontenttype", "pk": 13, "fields": {"app_label": "store2", "model": "authuser"}}, {"model": "store2.djangocontenttype", "pk": 14, "fields": {"app_label": "store2", "model": "authgroup"}}, {"model": "store2.djangocontenttype", "pk": 15, "fields": {"app_label": "store2", "model": "authuseruserpermissions"}}, {"model": "store2.djangocontenttype", "pk": 16, "fields": {"app_label": "store2", "model": "cart"}}, {"model": "store2.djangocontenttype", "pk": 17, "fields": {"app_label": "store2", "model": "authpermission"}}, {"model": "store2.djangocontenttype", "pk": 18, "fields": {"app_label": "store2", "model": "item"}}, {"model": "store2.djangocontenttype", "pk": 19, "fields": {"app_label": "store2", "model": "djangocontenttype"}}, {"model": "store2.djangocontenttype", "pk": 20, "fields": {"app_label": "store2", "model": "user"}}, {"model": "store2.djangocontenttype", "pk": 21, "fields": {"app_label": "admin", "model": "logentry"}}, {"model": "store2.djangocontenttype", "pk": 22, "fields": {"app_label": "auth", "model": "group"}}, {"model": "store2.djangocontenttype", "pk": 23, "fields": {"app_label": "auth", "model": "permission"}}, {"model": "store2.djangocontenttype", "pk": 24, "fields": {"app_label": "auth", "model": "user"}}, {"model": "store2.djangocontenttype", "pk": 25, "fields": {"app_label": "contenttypes", "model": "contenttype"}}, {"model": "store2.djangocontenttype", "pk": 26, "fields": {"app_label": "sessions", "model": "session"}}, {"model": "store2.djangomigrations", "pk": 1, "fields": {"app": "contenttypes", "name": "0001_initial", "applied": "2019-05-16T09:05:35.179Z"}}, {"model": "store2.djangomigrations", "pk": 2, "fields": {"app": "auth", "name": "0001_initial", "applied": "2019-05-16T09:06:05.648Z"}}, {"model": "store2.djangomigrations", "pk": 3, "fields": {"app": "admin", "name": "0001_initial", "applied": "2019-05-16T09:06:10.476Z"}}, {"model": "store2.djangomigrations", "pk": 4, "fields": {"app": "admin", "name": "0002_logentry_remove_auto_add", "applied": "2019-05-16T09:06:13.256Z"}}, {"model": "store2.djangomigrations", "pk": 5, "fields": {"app": "contenttypes", "name": "0002_remove_content_type_name", "applied": "2019-05-16T09:06:18.275Z"}}, {"model": "store2.djangomigrations", "pk": 6, "fields": {"app": "auth", "name": "0002_alter_permission_name_max_length", "applied": "2019-05-16T09:06:21.387Z"}}, {"model": "store2.djangomigrations", "pk": 7, "fields": {"app": "auth", "name": "0003_alter_user_email_max_length", "applied": "2019-05-16T09:06:27.271Z"}}, {"model": "store2.djangomigrations", "pk": 8, "fields": {"app": "auth", "name": "0004_alter_user_username_opts", "applied": "2019-05-16T09:06:29.521Z"}}, {"model": "store2.djangomigrations", "pk": 9, "fields": {"app": "auth", "name": "0005_alter_user_last_login_null", "applied": "2019-05-16T09:06:38.622Z"}}, {"model": "store2.djangomigrations", "pk": 10, "fields": {"app": "auth", "name": "0006_require_contenttypes_0002", "applied": "2019-05-16T09:06:43.549Z"}}, {"model": "store2.djangomigrations", "pk": 11, "fields": {"app": "auth", "name": "0007_alter_validators_add_error_messages", "applied": "2019-05-16T09:06:45.495Z"}}, {"model": "store2.djangomigrations", "pk": 12, "fields": {"app": "auth", "name": "0008_alter_user_username_max_length", "applied": "2019-05-16T09:06:47.067Z"}}, {"model": "store2.djangomigrations", "pk": 13, "fields": {"app": "sessions", "name": "0001_initial", "applied": "2019-05-16T09:06:51.389Z"}}, {"model": "store2.djangomigrations", "pk": 14, "fields": {"app": "store2", "name": "0001_initial", "applied": "2019-05-16T09:06:56.555Z"}}, {"model": "store2.djangosession", "pk": "684kykby035cg2wn5i4toih8plttcl55", "fields": {"session_data": "NmUxZmZjYTQ1MjU5NDM2YzM3NTUzOTkzNTNhZTdjNDY2MWY1NGQyMDp7Il9hdXRoX3VzZXJfaGFzaCI6ImRlMGUxMGVkMTM0NmEyYTIwNDAzOGYzNjFiYTY2M2E1ODJhMWZiMGEiLCJfYXV0aF91c2VyX2JhY2tlbmQiOiJkamFuZ28uY29udHJpYi5hdXRoLmJhY2tlbmRzLk1vZGVsQmFja2VuZCIsIl9hdXRoX3VzZXJfaWQiOiIxIn0=", "expire_date": "2019-05-30T09:11:00.487Z"}}, {"model": "store2.djangosession", "pk": "r7yxkfau5cfrm583db4c0djrtdqbxjs5", "fields": {"session_data": "NmUxZmZjYTQ1MjU5NDM2YzM3NTUzOTkzNTNhZTdjNDY2MWY1NGQyMDp7Il9hdXRoX3VzZXJfaGFzaCI6ImRlMGUxMGVkMTM0NmEyYTIwNDAzOGYzNjFiYTY2M2E1ODJhMWZiMGEiLCJfYXV0aF91c2VyX2JhY2tlbmQiOiJkamFuZ28uY29udHJpYi5hdXRoLmJhY2tlbmRzLk1vZGVsQmFja2VuZCIsIl9hdXRoX3VzZXJfaWQiOiIxIn0=", "expire_date": "2019-06-04T07:25:03.960Z"}}, {"model": "store2.item", "pk": 1, "fields": {"name": "Libreta Bordado", "descr": "Libreta Bordada Tipo 1", "brand": "Caed", "pieces": "1", "category": "Libreta", "quantity": "3", "price": "80", "discount": "0"}}, {"model": "store2.item", "pk": 2, "fields": {"name": "Libreta Bordado", "descr": "Libreta Bordada Tipo 2", "brand": "Caed", "pieces": "1", "category": "Libreta", "quantity": "3", "price": "90", "discount": "10"}}, {"model": "store2.item", "pk": 3, "fields": {"name": "Libreta Bordado", "descr": "Libreta Bordada Tipo 3", "brand": "Caed", "pieces": "1", "category": "Libreta", "quantity": "0", "price": "78", "discount": "0"}}, {"model": "store2.user", "pk": 1, "fields": {"name": "Emmanuel", "last_name": "Gallardo", "email": "deg4_gow@hotmail.com", "phone": "4641004109", "user_name": "MagoGallardo", "password": "Abc12345678"}}, {"model": "store2.user", "pk": 2, "fields": {"name": "Emmanuel", "last_name": "Gallardo", "email": "deg4_gow@hotmail.com", "phone": "4641004109", "user_name": "emmanuelgallard", "password": "12345678"}}, {"model": "store2.user", "pk": 3, "fields": {"name": "Emmanuel", "last_name": "Gallardo", "email": "deg4_gow@hotmail.com", "phone": "4641004109", "user_name": "emmanuelgallard", "password": "12345678"}}]